site_id,subject_id,Age,Gender,AssociatesDegreeDiscipline,BachelorsDegreeDiscipline,CertificateDegreeDiscipline,MastersDegreeDiscipline,PhdDiscipline,CurrentDegree,CurrentDegreeDiscipline,HighestDegree,Job_1_Type,Job_1_Employer,Job_1_Title,Job_1_Years,Job_2_Type,Job_2_Employer,Job_2_Title,Job_2_Years,Job_3_Type,Job_3_Employer,Job_3_Title,Job_3_Years,Job_4_Type,Job_4_Employer,Job_4_Title,Job_4_Years,Job_5_Type,Job_5_Employer,Job_5_Title,Job_5_Years,Job_6_Type,Job_6_Employer,Job_6_Title,Job_6_Years,Job_7_Type,Job_7_Employer,Job_7_Title,Job_7_Years,Job_8_Type,Job_8_Employer,Job_8_Title,Job_8_Years,Job_9_Type,Job_9_Employer,Job_9_Title,Job_9_Years,Job_10_Type,Job_10_Employer,Job_10_Title,Job_10_Years,YearsExperience,YearsGeoIntExperience,ProbabilityAndStatsTraining,ProbabilityAndStatsFrequency,GeospatialDataFrequency,GeointAnalysisLevel,SpatialAbility,BIS,BASDrive,BASFunSeeking,BASRewardResponsiveness,BASTotal,FoxHedgehogScore,SNA,CRTScore,VGE
PSU,103,22,Female,,,,,,Bachelor,Geography,Bachelor,Other,Penn State's Sustainability Institute,Intern,1.5,Other,Penn State's Housing and Food Services,Conference Assistant  Desk Clerk,2,Other,Seven Stars Inn,Bus person,2,,,,,,,,,,,,,,,,,,,,,,,,,,,,,5.5,0,1,2,2,1,3,148,76,82,98,256,28,,0,
PSU,104,20,Male,,,,,,Bachelor,Information and cybersecurity,,Other,Bagel Lovers  Inc.,Front Counter,3,Other,Hidden Valley Scout Reservation,Program Staff,3,,,,,,,,,,,,,,,,,,,,,,,,,,,,,,,,,6,0,1,1,1,1,2,145,76,76,101,253,-10,,2,
PSU,105,24,Male,,Mechanical Engineering,,,,Master,Mechanical Engineering,Bachelor,Other,Penn State,RA,1,Other,Zw-Art Mechatronics,Engineer,2,Other,Alpha Fire Company,Volunteer Fire Fighter,4,Other,Penn State,TA,2,Other,Wegmans,Cashier,3,,,,,,,,,,,,,,,,,,,,,12,0,2,2,1,1,2,133,76,88,107,271,14,,2,
PSU,106,19,Male,,,,,,Bachelor,Computer Engineering,,Other,Findlay Dining Commons,Student Manager,1,Other,Pacifico Carpentry Co.,Skilled Labor,6,Other,Vector Marketing,Sales Associate,,,,,,,,,,,,,,,,,,,,,,,,,,,,,,7,0,2,2,1,0,4,148,76,79,107,262,28,,3,
PSU,107,21,Male,,,,,,Bachelor,Computer Engineering,,Other,Pacifico Carpentry,Craftsman,7,,,,,,,,,,,,,,,,,,,,,,,,,,,,,,,,,,,,,7,0,2,1,1,1,2,133,85,76,107,268,4,,3,
PSU,108,20,Male,,,,,,Bachelor,Cyber-security/IST,,Other,Michael D'Asaro,Computer technician,2,Other,Tom Hixon,Camera Operator,1,,,,,,,,,,,,,,,,,,,,,,,,,,,,,,,,,3,0,1,2,0,0,1,139,76,76,107,259,24,,0,
PSU,109,44,Male,,Secondary Ed. Biology,,Biology,,PhD,Science Education,Master,,,,,Other,Penn State University,Science Education Instructor,2,Other,PSU,Educational Researcher,3,Other,Upward Bound Math Science,Science Teacher,10,Other,Kutztown University,Academic Coordinator,8,Other,Roberto Clemente Charter School,Science Teacher/Counselor,9,,,,,,,,,,,,,,,,,32,0,1,2,1,1,2,136,76,76,95,247,18,,2,
PSU,110,20,Female,,,,,,,,,,,,,Other,Col. Jake Graham,Sentiment Analyst/Research,1,Other,IST,LA - SRA 111,1,,,,,,,,,,,,,,,,,,,,,,,,,,,,,2,0,1,1,0,0,1,139,76,76,101,253,0,,2,
PSU,111,22,Male,,,,,,Bachelor,aerospace engineering,,Other,Temple Aluminum Foundry Inc.,Laborer,7,Other,Stone Valley Vertical Adventures,Facilitator,3,Other,Cafe 210,Dish Washer,1,,,,,,,,,,,,,,,,,,,,,,,,,,,,,11,0,1,1,1,1,2,136,76,85,110,271,10,,3,
PSU,112,21,Male,,,,,,Bachelor,Information Science and Technology,,Other,Penn State,Student Researcher,2,Other,Walmart,Sales Associate,2,Other,Quiznos,Employee,2,,,,,,,,,,,,,,,,,,,,,,,,,,,,,6,0,1,1,1,1,3,145,76,76,98,250,-2,,2,
PSU,113,22,Male,,Environmental Resource Management,,,,,Research Technologist- Biochemistry Penn State Lab,Bachelor,GeospatialAnalysis,Pennsylvania State University,Research Technologist B&MB DEPT,1,Other,Pennsylvania State University,Undergraduate Reasearch,2,Other,Team Blue Car Wash,Washing Cars,1,Other,Morgan Properties,Lifeguard,3,,,,,,,,,,,,,,,,,,,,,,,,,7,0,2,2,2,1,3,136,76,79,101,256,6,,3,
PSU,114,20,Male,,,,,,Bachelor,Security and Risk Analysis,,Other,Penn State Altoona OIT,Technician,1,,,,,,,,,,,,,,,,,,,,,,,,,,,,,,,,,,,,,1,0,2,3,2,1,2,133,76,79,98,253,8,,0,
PSU,115,19,Male,,,,,,Bachelor,Security and Risk Analysis,,Other,Penn State University,Lab Technician ,1.5,Other,JCC Camps @ Medford,Camp  Counselor ,0.25,,,,,,,,,,,,,,,,,,,,,,,,,,,,,,,,,1.75,0,1,1,1,0,0,142,82,82,104,268,6,,0,
PSU,116,26,Male,,,,,,Bachelor,Security and Risk Analysis,,Other,Penn State Auxiliary Police,Assistant Superviser,1.5,Military,United States Army,Cavalry Scout,3,Other,Jared: The Galleria of Jewelry,Seasonal Helper,2,,,,,,,,,,,,,,,,,,,,,,,,,,,,,6.5,0,1,2,1,0,3,139,79,79,101,259,12,,3,
PSU,117,43,Male,,Meteorology,,,Atmospheric Science,,,PhD,Other,Penn State,Assist Prof,17,Other,PRC  Inc,Consultant,1,Other,Penn State,Grad Student,4,,,,,,,,,,,,,,,,,,,,,,,,,,,,,22,0,2,2,2,0,3,145,76,85,98,259,-20,,3,
PSU,118,21,Male,,,,,,Bachelor,Security and Risk Analysis,,Other,Fairfax County Park Authority,Marina Employee,2,,,,,,,,,,,,,,,,,,,,,,,,,,,,,,,,,,,,,2,0,1,1,1,0,2,136,85,79,107,271,6,,1,
PSU,119,22,Male,,,,,,Bachelor,Secondary Education: Earth and Space,,Other,Team Blue Car Wash,Car Washer,0.5,Other,Weis Grocery Store,Stocker,0.5,,,,,,,,,,,,,,,,,,,,,,,,,,,,,,,,,1,0,1,1,1,0,2,142,76,76,98,250,36,,2,
PSU,120,21,Male,,,,,,,intelligence analysis,,Other,Above and beyond ballooning,Crew ,1,,,,,,,,,,,,,,,,,,,,,,,,,,,,,,,,,,,,,1,0,2,2,0,1,1,139,79,82,107,268,-12,,0,
PSU,121,21,Male,,,,,,Bachelor,Aerospace Engineering,,Other,Boeing,Structural Engineering Intern,3,Other,Walgreen's,Photo Technician,2,,,,,,,,,,,,,,,,,,,,,,,,,,,,,,,,,5,0,1,2,2,1,3,148,76,85,107,268,-10,,3,
PSU,122,23,Male,,,,,,Bachelor,Psychology,,Other,Petco,Sales Associate,2,,,,,,,,,,,,,,,,,,,,,,,,,,,,,,,,,,,,,2,0,1,1,0,0,2,142,76,79,101,256,40,,0,
PSU,123,30,Male,,Geography,Geographic Information Systems,,,Master,Homeland Security - Geospatial Intelligence,Bachelor,GeospatialAnalysis,The Pennsylvania State University - Biology,Research Technologist III,3,Other,Stratamodel Inc.,Chief Field Technician,4,Other,Lake Oswego Corp.,Operations Supervisor,2.5,Other,The Pennsylvania State University - Plant Pathology,Farm Technician,2,,,,,,,,,,,,,,,,,,,,,,,,,11.5,0,1,2,3,3,4,136,76,79,98,253,14,,3,
PSU,124,20,Male,,,,,,Bachelor,Penn State,,Other,Penn State ITS,Lab Consultant,3,Other,Bedford Gazette ,Foot Carrier,7,,,,,,,,,,,,,,,,,,,,,,,,,,,,,,,,,10,0,1,2,2,1,3,136,76,76,98,250,4,,0,
PSU,125,20,Male,,,,,,Bachelor,Aerospace Engineering,,Other,Metuchen  NJ YMCA,Life Guard/Swimming Instructor,2,Other,StaffMart Dayton  NJ,Temporary Worker,1,,,,,,,,,,,,,,,,,,,,,,,,,,,,,,,,,3,0,2,2,1,1,2,142,76,79,104,259,8,,1,
PSU,126,20,Male,,,,,,Bachelor,Security and Risk Analysis,,Other,Amazon Fullfillment Centers,Associate,0.3,Military,US Army PKSOI,Research Clerk,0.3,,,,,,,,,,,,,,,,,,,,,,,,,,,,,,,,,0.6,0,1,1,0,0,2,133,82,79,107,268,-14,,3,
PSU,127,21,Male,,,,,,Bachelor,Landscape Contracting,,Other,Khuns Tree Farm,Christmas tree farmer,7,Other,Ruppert Landscapes,Intern,1,,,,,,,,,,,,,,,,,,,,,,,,,,,,,,,,,8,0,1,1,2,1,3,142,79,79,107,265,-12,,0,
PSU,128,22,Male,,Nutrition ,,,,,,Bachelor,Other,NACUFS Intern,Food Service Manager,1,Other,Boscovs ,Phone Audit,1,Other,Docs Family Fun Center,Ref,4,,,,,,,,,,,,,,,,,,,,,,,,,,,,,6,0,1,2,1,0,2,142,76,76,107,259,10,,1,
PSU,129,20,Male,,,,,,Bachelor,Information Sciences and Technology and Security and Risk Analysis,,Other,Breathing Room Foundation,Volunteer,1,Other,Krispy Kreme,Retail Specialist,1,,,,,,,,,,,,,,,,,,,,,,,,,,,,,,,,,2,0,1,2,1,1,0,136,76,79,104,259,12,,1,
PSU,130,20,Male,,,,,,Bachelor,Geography,,GeospatialAnalysis,State College Planning Department,GIS Intern,0.25,GeospatialAnalysis,Penn State University Libraries,GIS Intern,1,,,,,,,,,,,,,,,,,,,,,,,,,,,,,,,,,1.25,0,2,2,3,1,3,136,76,76,95,247,18,,0,
PSU,131,21,Male,,,,,,Bachelor,Security and Risk Analysis,,Other,The Tavern,Busser,1,Other,Penn State Commons Desk,Commons Desk Coordinator,1,,,,,,,,,,,,,,,,,,,,,,,,,,,,,,,,,2,0,1,2,2,1,2,133,79,85,110,274,-6,,1,
PSU,132,20,Male,,,,,,Bachelor,Geography-GIS Option,,GeospatialAnalysis,Terrasim Inc.,Geospatial Analyst Intern,,Other,Giant Food Stores,Cashier/Service Associate,4,,,,,,,,,,,,,,,,,,,,,,,,,,,,,,,,,4,0,2,3,3,2,3,136,76,76,98,250,18,,0,
PSU,133,20,Male,,,,,,Bachelor,Security & Risk Analysis - College of IST,,Other,Parkway Pool & Patio,Sales Associate,1,Other,Atria Senior Living,Server,1,Other,Giant Food Stores,Associate,1,,,,,,,,,,,,,,,,,,,,,,,,,,,,,3,0,1,2,2,1,2,139,76,79,101,256,12,,0,
PSU,134,21,Male,,,,,,Bachelor,Security Risk Analysis,,Other,Subway,Sandwich Artist,1,Other,Barrie Day Camp,Senior Counselor,2,,,,,,,,,,,,,,,,,,,,,,,,,,,,,,,,,3,0,1,1,0,1,0,133,79,79,98,256,-32,,0,
PSU,135,20,Male,,,,,,Bachelor,Intelligence  National Security  Cybersecurity,,Military,Air Force Reserve Officer Training Corps,Cadet,2,Other,Applebees,Server,2,Other,Franco's Pizza,Server,2,,,,,,,,,,,,,,,,,,,,,,,,,,,,,6,0,1,2,1,0,1,133,82,85,107,274,12,,1,
PSU,136,19,Male,,,,,,Bachelor,SRA/IAM,,Other,Camp Lakota,Group Leader/General Counselor,3,,,,,,,,,,,,,,,,,,,,,,,,,,,,,,,,,,,,,3,0,2,0,0,1,3,136,76,76,101,253,2,,1,
PSU,137,23,Male,,,,,,Bachelor,Crime Law and Justice + Security and Risk Analysis,,Other,Burlington Coat Factory,Receiving Associate,1,Other,Keystone Oaks High School,Summer Help,1,Other,Castle Shannon Library,Library Page,2,,,,,,,,,,,,,,,,,,,,,,,,,,,,,4,0,1,1,0,0,3,139,76,79,98,253,22,,1,
PSU,138,29,Male,,Geographic Information Science,,Geography,,PhD,Geography,Master,Other,Esri,Cartographic Product Engineer,,Other,The Pennsylvania State University,Graduate Fellow/Research Assistant,3,Other,Michigan State University,Research Assistant,2,Other,Michigan State University,Research Aide,1,Other,Michigan Department of Education,Student Assistant,6,,,,,,,,,,,,,,,,,,,,,12,0,2,2,3,3,4,136,85,79,104,268,-18,,3,
PSU,139,21,Female,,,,,,Bachelor,Rehabilitation,,Other,The Family Clothesline,Sales Associate,2,,,,,,,,,,,,,,,,,,,,,,,,,,,,,,,,,,,,,2,0,1,2,1,1,3,154,79,82,107,268,32,,2,
PSU,140,28,Male,,Finance,,Higher Education Administration,,,,Master,Other,Penn State University,Learning Designer,5,,,,,,,,,,,,,,,,,,,,,,,,,,,,,,,,,,,,,5,0,2,1,0,0,0,136,76,76,101,253,-20,,1,
PSU,141,20,Male,,,,,,Bachelor,Science,,,,,,,,,,,,,,,,,,,,,,,,,,,,,,,,,,,,,,,,,,0,0,1,0,0,0,2,139,82,88,107,277,22,,0,
PSU,142,22,Male,,,,,,Bachelor,Information Sciences and Technologies,,,,,,Other,Mad Mex Happy Valley,Server,0,Other,Saloon State College,Door Staff,1,,,,,,,,,,,,,,,,,,,,,,,,,,,,,1,0,2,2,2,1,3,139,79,85,107,271,16,,1,
PSU,143,20,Male,,,,,,Bachelor,Security and Risk Analysis,,Military,Army National Guard,Specialist/Infantryman,2,Other,Garden State Powerwash,Foreman,1,,,,,,,,,,,,,,,,,,,,,,,,,,,,,,,,,3,0,1,1,1,1,1,136,79,82,101,262,-12,,1,
PSU,144,20,Male,,,,,,Bachelor,Security and Risk Analysis,,Other,Bedford Area High School,IT Consultant/Cybersecurity Analyst,1,,,,,,,,,,,,,,,,,,,,,,,,,,,,,,,,,,,,,1,0,1,1,2,1,2,136,76,79,95,250,-10,,2,
PSU,145,33,Male,Weather Technology,Social Studies (7-12),,,,Bachelor,Geography,Bachelor,Military,United States Air Force,Weather Forecaster / Supervisor,4,Other,Tunkhannock Area School Dist.,Substitute Teacher,3,Other,Abington Heights School Dist,Substitute Teacher,3,,,,,,,,,,,,,,,,,,,,,,,,,,,,,10,0,1,1,3,1,4,139,76,82,98,256,4,,3,
PSU,146,21,Male,,,,,,Bachelor,Security and Risk Analysis: Social Factor and Risk,,Other,Coatesville Country Club,Server,5,Other,Rediffer Commons,Food Worker,0.5,Other,The Family Clothesline,Sales Associate,1,,,,,,,,,,,,,,,,,,,,,,,,,,,,,6.5,0,2,2,1,1,0,136,76,82,104,262,4,,1,
PSU,147,21,Female,,,,,,Bachelor,Geospatial Information Sciences,,Other,The Gould Center,Intern,0.5,,,,,,,,,,,,,,,,,,,,,,,,,,,,,,,,,,,,,0.5,0,1,2,3,2,4,139,76,79,107,262,16,,2,
PSU,148,18,Male,,,,,,Bachelor,Economics,,Other,Home Delivery Pizza,Host,,Other,Worthington Lawnscapes,Laborer,,,,,,,,,,,,,,,,,,,,,,,,,,,,,,,,,,0,0,2,1,1,1,3,133,79,85,101,265,20,,0,
PSU,149,23,Female,,Psychology  B.S.,,,,,,Bachelor,,,,,Other,Strawberry Fields  CRR,Psychiatric Direct Support Specialist,,Other,Penn State,Research Assisstant,4,Other,Centre County Women's Resource Center,Counselor/Advocate,2,Other,MidStep Centers for Child Development,Intern/Intake Coordinator,1,Other,Victoria's Secret,Sales Associate,4,,,,,,,,,,,,,,,,,11,0,2,2,0,0,1,133,76,76,98,250,0,,0,
PSU,150,21,Female,,,,,,Bachelor,Security and Risk Analysis/IAM option,,Other,Lowe's,Customer Service,,Other,Extra Extra,Cashier,,Other,Bath and Body Works,Sales Associate,,,,,,,,,,,,,,,,,,,,,,,,,,,,,,0,0,1,0,0,0,0,145,85,88,98,271,4,,0,
PSU,151,20,Male,,,,,,Bachelor,Security Risk Analysis- Information and Cyber Security,,Other,Maximum Research,Consumer Researcher,0.25,Other,Platinum Parking,Valet Driver,1,,,,,,,,,,,,,,,,,,,,,,,,,,,,,,,,,1.25,0,1,1,1,1,1,136,60,79,110,249,4,,0,
PSU,152,19,Male,,,,,,Bachelor,Computer Science,,Other,Rockland Manufacturing,Sales Associate,0.5,Other,Pitt Theatre,Projectionist,5,Other,Bedford Area School District,Assist Marching Band Director,0.5,,,,,,,,,,,,,,,,,,,,,,,,,,,,,6,0,1,2,1,1,2,139,79,76,104,259,28,,2,
PSU,153,20,Male,,Information Sciences & Technology,,,,Bachelor,Information Sciences & Technology: Integration & Application,Bachelor,Other,Bob Beggs,Good Works - General Manager,2,,,,,,,,,,,,,,,,,,,,,,,,,,,,,,,,,,,,,2,0,1,0,1,1,2,142,76,79,98,253,36,,1,
PSU,154,20,Male,,,,,,Master,Information Sciences and Technology: Design and Development,,Other,PSU,Commons Desk,0.5,Other,Dairy Queen,Cook,3,Other,Kepler Pool,Front Desk,0.5,,,,,,,,,,,,,,,,,,,,,,,,,,,,,4,0,1,1,0,0,0,136,76,79,104,259,8,,0,
PSU,155,22,Female,,,,,,Bachelor,Archaeological Science,,Other,Penn State University,Research,1,,,,,,,,,,,,,,,,,,,,,,,,,,,,,,,,,,,,,1,0,1,2,2,1,2,136,79,88,110,277,22,,0,
PSU,156,21,Male,,,,,,Bachelor,Information Science and Tech,,,,,,,,,,,,,,,,,,,,,,,,,,,,,,,,,,,,,,,,,,0,0,1,2,1,0,3,133,82,85,107,274,14,,2,
PSU,157,22,Male,,,,,,Bachelor,Geography,,Other,GeoVISTA Center,Research Internship,1,Other,Penn State,Teaching Internship,0.5,,,,,,,,,,,,,,,,,,,,,,,,,,,,,,,,,1.5,0,1,2,3,2,4,139,79,82,107,268,24,,2,
PSU,158,24,Male,,Biology,,Biotechnology,,Master,Computer Science,Master,,,,,,,,,,,,,,,,,,,,,,,,,,,,,,,,,,,,,,,,,0,0,1,2,0,1,3,151,79,88,110,277,4,,0,
PSU,159,22,Female,,,,,,Bachelor,Security and Risk Analysis,,Military,U.S. Army War College,Intern,0.25,,,,,,,,,,,,,,,,,,,,,,,,,,,,,,,,,,,,,0.25,0,2,1,2,1,2,136,85,79,98,262,-40,,0,
PSU,160,21,Male,,,,,,Bachelor,Nutritional Sciences,,Other,Mine Hill Dept. Public Works,Summer Temp.,1,,,,,,,,,,,,,,,,,,,,,,,,,,,,,,,,,,,,,1,0,1,2,0,0,3,133,76,85,101,262,-4,,3,
PSU,161,19,Female,,,,,,,,,Other,NROTC,Midshipman,2,,,,,,,,,,,,,,,,,,,,,,,,,,,,,,,,,,,,,2,0,1,1,2,1,3,136,82,85,98,265,-4,,0,
PSU,162,21,Male,,,,,,Bachelor,Electrical Engineering,,Other,Chester Springs Creamery,Server,4,Other,Milky Way Farm,Farm Hand,1,Other,Chipotle Mexican Grill,Server/Prep/Cook,1,Other,Savantis Group,Consultant Intern,1,Other,SAP America,Center of Expertise Intern,1,,,,,,,,,,,,,,,,,,,,,8,0,1,1,0,0,2,139,76,76,110,262,12,,2,
PSU,163,23,Female,,,,,,Bachelor,psychology,,,,,,,,,,,,,,,,,,,,,,,,,,,,,,,,,,,,,,,,,,0,0,1,1,0,0,2,133,76,79,98,253,32,,0,
PSU,164,22,Male,,,,,,Bachelor,Electrical Engineering,,Other,Rite Aid,Pharmacy Technician,1.5,,,,,,,,,,,,,,,,,,,,,,,,,,,,,,,,,,,,,1.5,0,2,1,1,0,2,139,79,82,101,262,-24,,1,
PSU,165,20,Male,,,,,,Bachelor,Integrative Arts / Music Technology,,Other,Bryce Jordan Center,Stage Crew,1,Other,Sellersville Theater,Sound Tech / Stage Crew,1,,,,,,,,,,,,,,,,,,,,,,,,,,,,,,,,,2,0,1,1,1,1,3,133,82,85,110,277,38,,3,
PSU,166,21,Male,,,,,,Bachelor,IST,,,,,,Other,The Pennsylvania State University,Student Worker,2,,,,,,,,,,,,,,,,,,,,,,,,,,,,,,,,,2,0,1,1,0,0,0,151,88,88,107,283,20,,0,
PSU,167,22,Male,,,,,,Bachelor,,,Other,BJC,Stage Crew,,,,,,,,,,,,,,,,,,,,,,,,,,,,,,,,,,,,,,0,0,1,2,0,0,1,139,82,79,101,262,4,,0,
PSU,169,40,Female,,,,Education,,,,Master,Other,Penn State,Senior Lecturer,14,,,,,,,,,,,,,,,,,,,,,,,,,,,,,,,,,,,,,14,0,0,1,2,0,2,133,76,76,98,250,24,,1,
PSU,173,20,Female,,,,,,Bachelor,Security Risk Analysis,,Other,Col. Jake Graham,Student researcher,1,Other,IST,Learning Assisstant,1,,,,,,,,,,,,,,,,,,,,,,,,,,,,,,,,,2,0,1,1,1,1,2,136,76,76,101,253,-2,,1,
PSU,180,59,Male,Art Education,Architecture,,Public Administration,,,,Master,Other,Penn State University,Professor of Practice,7,Other,USMC,Colonel  Pilot,27,,,,,,,,,,,,,,,,,,,,,,,,,,,,,,,,,34,0,1,1,2,2,3,136,76,76,98,250,8,,3,
PSU,181,44,Female,,History,,,,,,Bachelor,,,,,Other,Penn State University,Assistant Learning Designer,0.5,Other,Penn State University,Production Assistant,11,Other,Broadband Networks Inc.,Administrative Support,6,,,,,,,,,,,,,,,,,,,,,,,,,17.5,0,0,0,0,0,2,145,79,85,110,274,-6,,0,
PSU,182,41,Female,,Graphic Design,,,,,,Bachelor,Other,Penn State,Multi-media Specialist,12,,,,,,,,,,,,,,,,,,,,,,,,,,,,,,,,,,,,,12,0,0,0,0,0,2,142,76,85,107,268,16,,0,
PSU,183,39,Female,,,,Education,,,,Master,Other,Penn State University,Learning Designer,0.5,Other,Self,Preschool Music Teacher,7,Other,Bald Eagle Area School District,Music Teacher,6,,,,,,,,,,,,,,,,,,,,,,,,,,,,,13.5,0,1,1,0,0,2,142,79,79,104,262,-26,,1,
PSU,185,32,Male,,Meteorology,,Adult Education,,,,Master,Other,Penn State University,Lecturer,11,,,,,,,,,,,,,,,,,,,,,,,,,,,,,,,,,,,,,11,0,1,2,3,1,3,133,76,79,104,259,34,,3,
PSU,186,42,Female,,Health Policy and Adminstration,,,,,,Bachelor,Other,Dutton Institute  Penn State,Assistant Instructional Designer,9,Other,Olsten Staffing Services,Placement counselor,2,Other,Bartell and Bartell,sales and marketing,2,Other,Manpower,Placement counselor,1.5,Other,New Health Management Systems,Assistant Nursing Home Adminstrator,2.5,,,,,,,,,,,,,,,,,,,,,17,0,0,0,0,0,1,136,76,79,98,253,-18,,0,
PSU,187,33,Male,,,,,,Bachelor,Security And Risk Analysis,,Other,Defense Logistics Agency,Human Resource Specialist,2,IntelAnalysis,United States Marine Corps,Intelligence Analyst,5,,,,,,,,,,,,,,,,,,,,,,,,,,,,,,,,,7,5,1,2,1,2,3,133,57,85,98,240,20,,1,
PSU,188,21,Female,,,,,,Bachelor,Nursing,,,,,,,,,,,,,,,,,,,,,,,,,,,,,,,,,,,,,,,,,,0,0,1,1,1,0,1,136,76,79,104,259,16,,0,
PSU,189,46,Female,,Secondary Education,,Adult Education,,,,Master,,,,,Other,Penn State,Assistant Director for Learning Design  Dutton Institute,3.25,Other,Penn State,Communications Support Coord  World Campus,2,Other,Penn State,Instructional Designer  IST,2,Other,Penn State,Instructional Designer  World Campus,6,Other,Mifflin County School District,English Teacher,7,,,,,,,,,,,,,,,,,20.25,0,1,1,1,0,1,136,79,88,107,274,24,,3,
PSU,190,37,Female,,Agriculture and Natural Resources,,Educational Media,,,,Master,Other,Penn State,Graphic Designer,2,Other,Adventure of the American Mind,Program Assistant,,Other,Brevard College Library,Technology Assistant,1,Other,Brevard College ESMNS,Secretary,2,Other,Forward in the Fifth,Administrative Assistant,,,,,,,,,,,,,,,,,,,,,,5,0,1,1,0,0,2,133,76,79,104,259,22,,0,
PSU,191,29,Male,,,,,,Bachelor,International Conflict Management,,Military,U.S. Army,Infantryman,9,,,,,,,,,,,,,,,,,,,,,,,,,,,,,,,,,,,,,9,0,0,1,3,2,3,139,79,85,110,274,2,,2,
PSU,192,19,Female,,,,,,Bachelor,Chem Eng,,,,,,Military,Navy Reserve,Midshipman,2,Other,Self,Nanny,6,Other,Association Advisors Property Management  LLC,Administrative Assistant,4,,,,,,,,,,,,,,,,,,,,,,,,,12,0,0,0,0,0,2,145,79,82,107,268,-14,,2,
PSU,193,31,Male,AAS Mortuary Science,,,,,Bachelor,B.S. Economics,Associate,Other,Blanchard-St. Denis Funeral Home,Funeral Director/Embalmer,2,Other,United States Marine Corps,Supply Clerk,4,Other,Geo. H. Lewis & Sons,Funeral Director,1,Other,Blanchard-St. Denis Funeral Home,Funeral Director/Embalmer,5,Other,Causey's Pharmacy,Pharmaceutical Delivery Driver ,1,Other,McDonald's,Cook,1,Other,Bud's Saw Repair,Handyman,1,,,,,,,,,,,,,15,0,2,1,0,0,3,139,88,85,110,283,32,,0,
PSU,194,43,Female,,Health Policy and Administration,,,,,,Bachelor,Other,Penn State,Staff Assistant,14,Other,Nittany Eye Associates,Office manager,4,,,,,,,,,,,,,,,,,,,,,,,,,,,,,,,,,18,0,0,0,0,0,0,148,79,82,107,268,16,,0,
PSU,195,21,Male,,,,,,Bachelor,Information Science & Technology,,Other,Penn State Physics Department,Student IT Group,1,Other,Strawberry Fields Inc.,Information Support Specialist,1,Other,Penn State Office of Investment Management,Summer Database Intern,0.3,Other,Kneppy's Fireworks,Retail Salesman,0.3,,,,,,,,,,,,,,,,,,,,,,,,,2.6,0,1,2,0,0,2,139,76,85,107,268,8,,0,
PSU,196,46,Male,,,,,,,,,Other,Penn State University,Multimedia Specialist,4,Other,AccuWeather,Designer,20,,,,,,,,,,,,,,,,,,,,,,,,,,,,,,,,,24,0,0,0,2,1,2,133,76,76,98,250,30,,2,
PSU,197,49,Female,,Information Sciences & Technology,,,,,,Bachelor,Other,Penn State,UX Advocate,0.5,Other,Firebrand Tribe,UX Lead  Renegade Element,1.5,GeospatialAnalysis,Penn State,Educational Technologist,3.5,Other,Penn State,Instructional Design Assistant,3,Other,Conduit IT,QA tester  software trainer  client support,2.5,,,,,,,,,,,,,,,,,,,,,11,0,1,1,2,1,1,139,63,85,101,249,26,,1,
PSU,198,51,Male,,Computer Science,,,,,,Bachelor,Other,Penn State,IT Architect,5,Other,Penn State,Manager/Research Programmer,6,Other,Cornell University,Network Engineer,4,Other,TeleBeam  Inc.,VP Internet Services,1,Other,Cornell University,Systems Developer,7,Other,Penn State,Systems Developer,7,Other,IBM,Systems Programmer,2,,,,,,,,,,,,,32,0,1,1,1,1,2,142,82,82,101,265,4,,2,
PSU,199,18,Female,,,,,,Bachelor,Mechanical Engineering,,Other,Foot Locker Inc. ,Sales Associate,2,Military,Navy Reserves (ROTC),Midshipman,1,,,,,,,,,,,,,,,,,,,,,,,,,,,,,,,,,3,0,1,2,1,0,3,136,82,79,101,262,22,,2,
PSU,200,20,Male,,,,,,Bachelor,Information Sciences and Technology,,Other,Chipotle,Grill Cook,1,Other,Best Buy,Sales Associate,2,,,,,,,,,,,,,,,,,,,,,,,,,,,,,,,,,3,0,1,2,0,0,2,139,88,85,110,283,22,,1,
PSU,201,18,Male,,,,,,,,,,,,,,,,,,,,,,,,,,,,,,,,,,,,,,,,,,,,,,,,,0,0,1,1,0,0,1,154,85,85,110,280,18,,3,
PSU,202,22,Male,,,,,,Bachelor,Information Sciences and Technology ,,Other,Microsoft ,Campus Ambassador ,4,Other,Microsoft ,Program Manager ,1,,,,,,,,,,,,,,,,,,,,,,,,,,,,,,,,,5,0,0,1,0,0,1,139,79,76,98,253,18,,0,
PSU,203,24,Male,,Justice Law and Society,,Homeland Security / GEOINT,,,,Master,Other,US Dept Health & Human Services,Management Analyst (Consultant),1,Other,US Dept of State,Program Assistant,2,Other,Executive Office of the President,National Security Intern / OVP / NSA,0.5,Other,LMI,Survey Research Intern,0.5,,,,,,,,,,,,,,,,,,,,,,,,,4,0,1,2,2,2,2,136,76,79,82,237,-2,,2,
PSU,204,23,Male,,Geography - Geospatial and Environmental Analysis,,,,Master,Homeland Security: Geospatial Intelligence,Bachelor,Other,The SI Organization,Test/Systems Engineer,2,GeospatialAnalysis,Center for Geospatial Information Technology - Virginia Tech,GIS Analyst,2,,,,,,,,,,,,,,,,,,,,,,,,,,,,,,,,,4,0,1,1,3,2,3,136,79,82,110,271,10,,2,
PSU,205,31,Male,,Criminal Justice,,,,Master,Homeland Security - GEOINT,Bachelor,Military,US Navy,Chief Petty Officer,13,,,,,,,,,,,,,,,,,,,,,,,,,,,,,,,,,,,,,13,0,1,0,1,0,2,133,76,76,98,250,28,,3,
PSU,206,32,Male,,Engineering Geology,GIS,,,,,Bachelor,Other,The MITRE Corporation,Information Systems Engineer  Sr. ,4,GeospatialAnalysis,IIF Data Solutions,GIS Developer,1,GeospatialAnalysis,Dewberry & Davis LLC,GIS Analyst/Developer,4,GeospatialAnalysis,ATC Associates,Geologist,1,Military,Virginia Army National Guard,Sergeant,8,,,,,,,,,,,,,,,,,,,,,18,0,2,2,3,2,4,133,82,79,104,265,-30,,2,
PSU,207,22,Female,,Geography  GIS concentration,,,,,,Bachelor,Other,MITRE,Computer Science Staff - Analyst,,,,,,,,,,,,,,,,,,,,,,,,,,,,,,,,,,,,,,0,0,1,2,3,1,2,139,76,79,98,253,8,,1,
PSU,208,55,Female,Liberal Arts,Geography,,,,,,Bachelor,Other,MITRE,Sr Computer Science Engineer,1.3,GeospatialAnalysis,Applied Data Consultants,Geospatial Analyst,1,GeospatialAnalysis,SAIC,Geospatial Analyst,1,GeospatialAnalysis,General Dynamics,Sr Geospatial Engineer,6,,,,,,,,,,,,,,,,,,,,,,,,,9.3,0,1,2,3,3,4,142,85,82,107,274,-4,,0,
PSU,209,38,Male,,BS  Biology,GIS  GEOINT,,,Master,Geoinformatics and GEOINT,Bachelor,Other,Naval Sea Systems Command,Engineering Technician,9,Other,United States Marine Corps,Combat Engineer,4,,,,,,,,,,,,,,,,,,,,,,,,,,,,,,,,,13,0,1,1,2,1,2,145,76,79,104,259,38,,0,
MCL,210,40,Female,,Elementary Education,GIS,Geography/GIS,,,,Master,GeospatialAnalysis,US Census Bureau,Geographer,6.5,Other,Ohio State,Research Assistant,1.5,Other,Platts,Spatial Software Developer,3,Other,MLH Services,Software Developer,1.5,Other,Janus Technologies,Software Developer,5,Other,Various,Substitute teacher,1,,,,,,,,,,,,,,,,,18.5,0,2,2,3,1,3,133,76,82,95,253,46,,3,
MCL,211,24,Male,,GIS,,,,,,Bachelor,GeospatialAnalysis,Michael Baker International ,GIS Analyst I,2,Other,Bank of America ,Teller,3,,,,,,,,,,,,,,,,,,,,,,,,,,,,,,,,,5,0,1,1,,0,2,139,79,79,101,259,-10,,1,
MCL,212,32,Male,,History,,Geospatial Information Science,,,,Master,GeospatialAnalysis,Michael Baker International,GIS Analyst,3,GeospatialAnalysis,Medical Care Development International,GIS Consultant,1,GeospatialAnalysis,Institute for Study of Terrorism and Responses to Terrorism (START),GIS Intern,1,Other,Accurate Infrastructure Data  Inc ,Surveyor,1,Military,US Army,Field Artillery Surveyor/Team Leader,4,,,,,,,,,,,,,,,,,,,,,10,0,2,2,3,3,4,136,76,76,107,259,26,,0,
MCL,213,29,Female,,Criminal Justice and Criminology,,,,Certificate,Geographic Information Systems,Bachelor,GeospatialAnalysis,Michael Baker International,GIS Associate III,5,,,,,,,,,,,,,,,,,,,,,,,,,,,,,,,,,,,,,5,0,1,0,0,0,2,139,79,79,104,262,22,,0,
MCL,214,31,Male,Communications Technology,Social Sciences,Geospatial Intelligence,,,,,Bachelor,Other,Leidos,ISR Targeteer,3,IntelAnalysis,United States Air Force,Intelligence Analyst,8,,,,,,,,,,,,,,,,,,,,,,,,,,,,,,,,,11,8,1,1,3,2,2,136,76,85,101,262,38,,1,
PSU,215,60,Male,,Geography,,,,,,Bachelor,Other,BAE Systems,Senior System Engineer,15,Other,Intergraph Corporation,Senior System Engineer,10,Military,US Army,Terrain Analysis Warrant Officer,14,,,,,,,,,,,,,,,,,,,,,,,,,,,,,39,0,2,1,3,3,4,133,76,76,98,250,20,,2,
PSU,216,27,Male,,Geology,Geospatial Intelligence,,,,,Bachelor,Other,DigitalGlobe,Data Scientist,3.5,,,,,,,,,,,,,,,,,,,,,,,,,,,,,,,,,,,,,3.5,0,2,2,3,3,4,139,85,79,104,268,32,,2,
PSU,217,28,Male,,Government and Politics,,,,Certificate,Geospatial Intelligence Applications,Bachelor,GeospatialAnalysis,JMT Sales Inc.,Logistics Manager,2,Other,World Resources Institute,Intern,0.5,Other,Envirnomental Law Institute,Intern,0.5,,,,,,,,,,,,,,,,,,,,,,,,,,,,,3,0,1,1,1,0,3,151,76,76,104,256,18,,2,
PSU,218,27,Male,,Political Science  Spanish,,Latin American Studies,,Master,GIS,Master,GeospatialAnalysis,Navanti Group,Geospatial Analyst,2,GeospatialAnalysis,World Bank Group,GIS Analyst,1,,,,,,,,,,,,,,,,,,,,,,,,,,,,,,,,,3,0,1,1,2,2,3,136,79,82,101,262,-8,,2,
PSU,219,35,Female,,Human Services,,,,Associate,International Studies/ GIS Certificate,Bachelor,Other,Forfeiture Support Associates/ ATF,DataAnalyst,1,Other,Virginia Center for Behavioral Rehab,Human Services Coordiantor,2,Other,City Of Richmond ,Human Services Administrator/ Division Chief,3,,,,,,,,,,,,,,,,,,,,,,,,,,,,,6,0,0,1,1,0,2,136,63,85,110,258,26,,0,
PSU,220,37,Female,,Geography,,Geography,,,,Master,Other,Michael Baker Jr.  Inc.,Project Manager,13,,,,,,,,,,,,,,,,,,,,,,,,,,,,,,,,,,,,,13,0,1,1,3,1,4,139,76,79,101,256,0,,1,
MCL,221,30,Male,1 in Communications  1 in General Studies,,,,,Bachelor,IT Management,Associate,IntelAnalysis,USAF,All source intelligence analyst,8.5,,,,,,,,,,,,,,,,,,,,,,,,,,,,,,,,,,,,,8.5,8.5,1,2,3,1,2,151,79,79,98,256,-2,,2,
MCL,222,31,Male,Intelligence Operations,BS Geography,,,,Master,Geographic Information Technology,Bachelor,Other,Intrepid Solutions,Wide Area Persistent Surveillance Analyst ,1,Military,US Army,Imagery Analyst,4,,,,,,,,,,,,,,,,,,,,,,,,,,,,,,,,,5,0,1,1,3,2,3,145,76,82,104,262,4,,0,
PSU,223,42,Male,,Geography,,,,Master,GIS,Bachelor,GeoIntAnalysis,National Geospatial-Intelligence Agency,Geospatial Intelligence Analyst,5,Other,Observera,Senior Image Scientist,2,Other,BAE,Senior Engineer,6,Military,US Air Force,Imagery Analyst,4,,,,,,,,,,,,,,,,,,,,,,,,,17,5,1,1,3,3,4,133,76,79,104,259,8,,0,
PSU,224,26,Female,,Environmental Science,Geospatial Analysis,Environmental Management,,Master,GIS,Master,GeospatialAnalysis,Booz Allen Hamilton,Geospatial Analyst,2.5,,,,,,,,,,,,,,,,,,,,,,,,,,,,,,,,,,,,,2.5,0,2,1,3,1,4,136,79,79,107,265,22,,3,
PSU,225,29,Female,,Latin American Studies,,,,Certificate,GIS,Bachelor,Other,Federal Government,Analyst,4,,,,,,,,,,,,,,,,,,,,,,,,,,,,,,,,,,,,,4,0,0,0,3,2,3,145,79,79,101,259,30,,2,
PSU,227,40,Male,,Geophysics,,GIS,,,,Master,IntelAnalysis,Battelle,Intelligence Analysis,1,GeospatialAnalysis,CACI,GEOINT Analysis,0.25,Other,Battelle,Research Scientist,9,GeospatialAnalysis,Innovative Solutions International,Aeronautic GIS Specialist,2,GeospatialAnalysis,CDM Federal Programs,Geologist,3,,,,,,,,,,,,,,,,,,,,,15.25,1,1,1,2,1,3,133,76,76,98,250,32,,3,
MCL,228,32,Male,Liberal Arts,Criminal Justice,Geospatial Intelligence,,,,,Bachelor,GeoIntAnalysis,Leidos,Senior All-Source/GEOINT Intelligence Analyst,3,Other,SAIC,Senior Fusion Analyst,1.5,Other,LLH,All-Source Analyst,1.5,Other,Trinity Technology Group,Special Security Officer,2.5,Military,US Army,All-Source Analyst,5,,,,,,,,,,,,,,,,,,,,,13.5,3,1,1,3,2,3,139,76,79,101,256,36,,3,
PSU,229,36,Female,Arts and Sciences,,,,,Bachelor,Marketing,Associate,GeoIntAnalysis,US Air Force,Geospatial Intelligence Analyst,9,,,,,,,,,,,,,,,,,,,,,,,,,,,,,,,,,,,,,9,9,0,1,2,1,2,142,79,76,104,259,-2,,0,
PSU,230,28,Male,,Urban Planning,,,,Certificate,,Bachelor,Other,Scitor,Cartographic Analyst,1,GeospatialAnalysis,U.S. Department of State,Office of the Geographer,1,,,,,,,,,,,,,,,,,,,,,,,,,,,,,,,,,2,0,2,2,3,2,3,136,76,76,101,253,28,,1,
PSU,231,32,Female,,Geodetic Engineering,GIS,,,Certificate,GIS,Bachelor,Other,M&G Civil Engineering & Surveying,Survey Technician,1,Other,Hunsaker & Associates,Survey Title Analyst,3,Other,URS Corp,Survey Technician,0.5,Other,Lockheed Martin Corp,Aeronautical Info Specialist,3.5,,,,,,,,,,,,,,,,,,,,,,,,,8,0,1,2,3,1,3,139,88,85,110,283,-4,,2,
PSU,232,29,Female,CONSTRUCTION DESIGN IN AUTOCAD,BS MINOR LAND SURVEYING & TOPOGRAPHY,GEOSPATIAL INFORMATION SYSTEMS CERTIFICATE,,,Master,GEOSPATIAL INFORMATION SYSTEMS ,Bachelor,GeospatialAnalysis,CHENEGA TECHNICAL INNOVATION LLC,GIS ENGINEER II,0.5,GeospatialAnalysis,CHENEGA FEDERAL SYSTEMS,GIS ENGINEER I,4,,,,,,,,,,,,,,,,,,,,,,,,,,,,,,,,,4.5,0,2,2,3,1,3,145,79,82,110,271,16,,1,
PSU,233,55,Male,,Computer Studies  Biology,,GIS,,Certificate,Information Design,Master,GeospatialAnalysis,US Geological Survey,Geographer,6,GeospatialAnalysis,National Park Service,Biologist,4,Other,Maryland Dept. Natural Resources,Planner,2,,,,,,,,,,,,,,,,,,,,,,,,,,,,,12,0,1,1,3,1,3,139,79,76,95,250,-4,,3,
PSU,234,25,Female,,Geography(GIS) & Telecommunications,Geospatial Intelligence,,,Master,Homeland Security  Geospatial Option,Bachelor,GeospatialAnalysis,MDA Information Systems  LLC,Geospatial Analyst,3.5,Other,Germantown Indoor Swim Center,Swim Lesson Instructor,3.5,Other,Upper Main Line YMCA,Swim Lesson Supervisor/Instructor,9.5,Other,Penn State Food Services,Preparer/Server,4,Other,Bryce Jordan Center,Stage Hand,3,Other,Red Brick Productions,Stage Hand,1,Other,State College Theatre,Stage Hand,2.5,,,,,,,,,,,,,27,0,1,1,3,3,4,142,85,85,110,280,24,,1,
MCL,235,28,Male,General Studies,Geographic Information Science,Geospatial Intelligence,,,Master,Homeland Security,Bachelor,GeospatialAnalysis,MDA Information Systems LLC,Geospatial Analyst,3,Other,Sandy Spring Bank,Teller,2.5,Other,Salisbury Police,Traffic controller,0.5,Other,Salisbury University,Stockroom clerk,1,Other,Gamestop,Game Advisor,0.5,Other,Herron Printing and Graphics,Bindery,2,,,,,,,,,,,,,,,,,9.5,0,2,2,3,2,3,139,82,79,101,262,6,,2,
PSU,236,51,Male,,Geography,GIS,,,,,Bachelor,Other,Booz Allen Hamilton,Associate,8,GeospatialAnalysis,Advanced Interactive Systems,GIS Specialist,2,Other,Institute for Defense Analyses,Research Staff ember,3,GeospatialAnalysis,Army Topo Engineering Center,Geographer,10,Other,Defense Mapping Agency,Cartographer,5,,,,,,,,,,,,,,,,,,,,,28,0,2,1,3,3,4,133,79,79,101,259,4,,2,
MCL,237,23,Female,,cognitive science,,,,,,Bachelor,GeospatialAnalysis,The MITRE Corporation,Geospatial Analyst,4,,,,,,,,,,,,,,,,,,,,,,,,,,,,,,,,,,,,,4,0,1,1,3,3,3,139,82,79,104,265,10,,1,
